product_code,timestamp,tick_id,best_bid,best_ask,best_bid_size,best_ask_size,total_bid_depth,total_ask_depth,ltp,volume,volume_by_product
BTC_JPY,2020-05-20T04:42:23.65,5949025,1048321.0,1048939.0,0.29,0.5573,2175.50834779,1703.13166602,1048321.0,132657.65697821,8043.95649655
BTC_JPY,2020-05-20T04:42:28.397,5949110,1048321.0,1048930.0,0.29,0.2,2174.35834779,1702.55447602,1048321.0,132656.24510496,8043.95649655
BTC_JPY,2020-05-20T04:42:34.143,5949213,1048321.0,1048917.0,0.29,0.15,2174.35834779,1702.22607602,1048321.0,132647.07272222,8043.85449655
BTC_JPY,2020-05-20T04:42:38.217,5949286,1048321.0,1048908.0,0.29,0.15,2174.35034779,1702.26592602,1048321.0,132643.29619154,8043.84499655
BTC_JPY,2020-05-20T04:42:43.1,5949363,1048321.0,1048897.0,0.36,0.5377,2174.43034779,1702.47535549,1048321.0,132642.91749559,8043.84499655
BTC_JPY,2020-05-20T04:42:48.26,5949463,1048321.0,1048885.0,0.36,0.15,2175.99084779,1702.45630602,1048321.0,132643.04754998,8043.82499655
BTC_JPY,2020-05-20T04:42:53.107,5949565,1048322.0,1048877.0,0.511,0.05,2176.62634764,1699.54516549,1048321.0,132637.74124676,8043.81999655
BTC_JPY,2020-05-20T04:42:58.467,5949655,1048571.0,1048999.0,0.32,0.0989998,2177.98134775,1691.91453431,1048999.0,132642.44494731,8043.72099675
BTC_JPY,2020-05-20T04:43:03.287,5949723,1048958.0,1048999.0,0.32,0.0989998,2179.58705122,1696.77654108,1048999.0,132650.04668329,8043.72099675
BTC_JPY,2020-05-20T04:43:08.363,5949851,1048999.0,1049000.0,0.42,6.1891624000000025,2180.84508952,1681.72966477,1049000.0,132669.51064985,8049.78723529
BTC_JPY,2020-05-20T04:43:13.713,5949881,1048999.0,1049000.0,0.42,6.1891624000000025,2179.83478965,1692.07441531,1049000.0,132654.14689028,8039.81238402
BTC_JPY,2020-05-20T04:43:18.207,5949909,1048999.0,1049000.0,0.42,6.1891624000000025,2179.96478965,1694.13406477,1049000.0,132652.56625158,8039.29197402
BTC_JPY,2020-05-20T04:43:23.467,5949938,1048999.0,1049000.0,0.42,5.8891624,2179.00994019,1693.82806477,1049000.0,132650.72874828,8039.19197389
BTC_JPY,2020-05-20T04:43:29.053,5949969,1048999.0,1049000.0,0.27,4.2891624,2179.56245712,1692.22404477,1049000.0,132664.1959034,8039.78097389
BTC_JPY,2020-05-20T04:43:32.727,5950003,1048999.0,1049000.0,0.27,4.2891624,2179.69715712,1693.21124477,1049000.0,132665.04219105,8039.65878243
BTC_JPY,2020-05-20T04:43:37.96,5950023,1048999.0,1049000.0,0.27,4.229162400000001,2181.67155712,1689.10304477,1049000.0,132666.37117118,8039.59678243
BTC_JPY,2020-05-20T04:43:43.413,5950036,1048999.0,1049000.0,0.27,4.229162400000001,2181.34845713,1691.14304477,1049000.0,132662.29298336,8039.22678243
BTC_JPY,2020-05-20T04:43:48.573,5950050,1048999.0,1049000.0,0.27,4.229162400000001,2181.69195712,1693.17429531,1049000.0,132661.70978336,8039.02678243
BTC_JPY,2020-05-20T04:43:53.76,5950091,1048999.0,1049000.0,0.42,3.38513774,2180.86165701,1691.33827065,1049000.0,132659.12816109,8039.87080709
BTC_JPY,2020-05-20T04:43:58.35,5950123,1048999.0,1049000.0,0.42,1.22313708,2180.39515716,1690.88101945,1049000.0,132655.91096085,8041.88280775
BTC_JPY,2020-05-20T04:44:03.243,5950156,1048999.0,1049000.0,0.42,0.62313682,2178.17645716,1690.13101919,1049000.0,132654.09634993,8041.48280801
BTC_JPY,2020-05-20T04:44:07.96,5950180,1048999.0,1049000.0,0.42,0.61363682,2182.40645716,1690.12151919,1049000.0,132651.36245022,8040.49230801
BTC_JPY,2020-05-20T04:44:13.07,5950199,1048999.0,1049000.0,0.42,0.61363682,2182.25845716,1690.12051919,1049000.0,132660.53229135,8040.49230801
BTC_JPY,2020-05-20T04:44:18.563,5950223,1048999.0,1049000.0,0.42,0.60263682,2182.41515716,1690.11051919,1049000.0,132660.22370031,8040.39330801
BTC_JPY,2020-05-20T04:44:23.933,5950322,1048825.0,1049000.0,0.32,0.60263682,2178.82252878,1689.96364919,1048999.0,132666.6113099,8040.65330801
BTC_JPY,2020-05-20T04:44:29.07,5950404,1048834.0,1049000.0,0.05,0.60263682,2176.85277839,1690.82734934,1048999.0,132661.51140421,8040.65330801
BTC_JPY,2020-05-20T04:44:33.27,5950433,1048843.0,1049000.0,0.15,0.55242678,2176.78430726,1690.7771392999994,1049000.0,132656.95779946,8040.65351805
BTC_JPY,2020-05-20T04:44:38.823,5950471,1048851.0,1049000.0,0.2,0.54242678,2177.77550726,1690.7294292999998,1049000.0,132652.51403244,8039.92651792
BTC_JPY,2020-05-20T04:45:04.013,5950745,1048321.0,1048998.0,0.1,0.2,2174.36627369,1680.8438383000002,1048611.0,132656.40258841,8040.13551792
BTC_JPY,2020-05-20T04:45:08.84,5950865,1048455.0,1048994.0,0.05,0.04248,2175.11297382,1691.44537027,1048611.0,132675.254492,8039.99051792
BTC_JPY,2020-05-20T04:45:14.073,5950933,1048461.0,1048994.0,0.05,0.04248,2176.22148117,1691.36037027,1048611.0,132680.54246668,8039.59051792
BTC_JPY,2020-05-20T04:45:19.107,5951003,1048358.0,1048986.0,0.2,0.4416,2175.57628117,1691.39309027,1048611.0,132680.10077776,8039.59051792
BTC_JPY,2020-05-20T04:45:23.453,5951085,1048323.0,1048994.0,0.2,0.041010000000000005,2175.72628117,1691.51090027,1048611.0,132687.53665391,8039.58051792
BTC_JPY,2020-05-20T04:45:28.96,5951159,1048352.0,1048994.0,0.25,0.00259,2174.58621235,1691.86041145,1048994.0,132662.11974745,8034.32492636
BTC_JPY,2020-05-20T04:45:33.807,5951272,1048380.0,1049000.0,0.5071,0.44042678,2178.57331235,1679.36343298,1048994.0,132654.0719907,8034.32492636
BTC_JPY,2020-05-20T04:45:38.073,5951380,1048411.0,1049000.0,0.6571,0.43042678,2173.83831235,1691.54069151,1049000.0,132646.60754448,8034.31492636
BTC_JPY,2020-05-20T04:45:43.317,5951517,1048554.0,1049000.0,0.807,0.43042678,2175.63341146,1691.18753298,1049000.0,132650.54762798,8034.31492636
BTC_JPY,2020-05-20T04:45:48.157,5951628,1048596.0,1049000.0,0.5078,0.43042678,2177.73121145,1691.85810062,1049000.0,132649.57639919,8034.31492636
BTC_JPY,2020-05-20T04:45:53.443,5951717,1048542.0,1049000.0,0.5075,0.43042678,2177.57031145,1691.54574062,1049000.0,132642.36249758,8034.19492636
BTC_JPY,2020-05-20T04:45:58.26,5951812,1048575.0,1049000.0,0.1,0.43042678,2177.86721145,1689.49674062,1049000.0,132626.80592985,8034.19492636
BTC_JPY,2020-05-20T04:46:04.217,5951876,1048604.0,1049000.0,0.05,0.51542678,2177.74931145,1691.28174049,1049000.0,132619.57543538,8034.04492636
BTC_JPY,2020-05-20T04:46:08.283,5951914,1048616.0,1049000.0,0.05,0.51542678,2176.90031145,1690.8095305,1049000.0,132618.03425567,8033.84492636
BTC_JPY,2020-05-20T04:46:13.71,5952001,1048373.0,1048995.0,0.2,0.04311,2175.66047381,1691.11518063,1049000.0,132610.00821616,8033.83492636
BTC_JPY,2020-05-20T04:46:19.11,5952080,1048412.0,1048995.0,0.2,0.04311,2177.56551145,1691.92668062,1049000.0,132609.96777703,8033.83492636
BTC_JPY,2020-05-20T04:46:24.013,5952136,1048441.0,1048995.0,0.15,0.01311,2176.10651145,1691.31168062,1048995.0,132602.24225261,8032.49031909
BTC_JPY,2020-05-20T04:46:28.84,5952196,1048361.0,1048995.0,0.2,0.01311,2175.76761219,1692.81868336,1048995.0,132596.1837329,8032.49031909
BTC_JPY,2020-05-20T04:46:33.643,5952298,1048400.0,1049000.0,0.2,0.51542678,2176.50551219,1689.07749337,1048998.0,132596.80025202,8032.29431909
BTC_JPY,2020-05-20T04:46:38.427,5952407,1048526.0,1049000.0,0.5314,0.51542678,2178.87781174,1691.91752038,1048998.0,132593.46988702,8032.29431909
BTC_JPY,2020-05-20T04:46:44.027,5952521,1048567.0,1049000.0,0.6809999999999999,0.56542678,2178.91561174,1691.96386038,1048998.0,132591.02576886,8032.29431909
BTC_JPY,2020-05-20T04:46:48.043,5952605,1048595.0,1049000.0,0.3,0.56542678,2174.95101175,1691.92829038,1048998.0,132590.27432404,8032.29431909
BTC_JPY,2020-05-20T04:46:53.61,5952686,1048632.0,1049000.0,0.2,0.56442658,2176.64231175,1691.96141018,1049000.0,132581.44661688,8032.28531929
BTC_JPY,2020-05-20T04:46:57.91,5952736,1048644.0,1049000.0,0.2,0.56442658,2177.91191146,1691.96528989,1049000.0,132573.46365635,8032.08531929
BTC_JPY,2020-05-20T04:47:03.743,5952765,1048647.0,1049000.0,0.05,0.56442658,2177.44191133,1691.65628976,1049000.0,132563.00806955,8031.86431829
BTC_JPY,2020-05-20T04:47:08.627,5952887,1049015.0,1049105.0,0.364,0.099,2179.75772487,1684.83215802,1049105.0,132573.33023919,8032.42974487
BTC_JPY,2020-05-20T04:47:13.28,5953007,1049291.0,1049724.0,0.3,0.0152,2179.56862487,1687.62933505,1049707.0,132585.65111544,8032.55874487
BTC_JPY,2020-05-20T04:47:19.137,5953151,1049304.0,1049758.0,0.3545,0.034730000000000004,2180.61413487,1689.63036492,1049300.0,132581.73287385,8032.19380487
BTC_JPY,2020-05-20T04:50:03.587,5955749,1048471.0,1048753.0,0.2,0.2,2177.55646099,1692.46453716,1048752.0,132499.29297465,8028.19606393
BTC_JPY,2020-05-20T04:50:08.78,5955807,1048499.0,1048753.0,0.2,0.2,2178.18436099,1693.26390979,1048752.0,132500.06480826,8028.19606393
BTC_JPY,2020-05-20T04:50:13.293,5955854,1048502.0,1048753.0,0.15,0.2,2176.29476112,1693.39420979,1048752.0,132495.09533575,8027.99606393
BTC_JPY,2020-05-20T04:50:18.767,5955901,1048752.0,1048753.0,0.004,0.2,2177.55496112,1692.32686979,1048752.0,132494.96097976,8027.99606393
BTC_JPY,2020-05-20T04:50:23.503,5955941,1048752.0,1048753.0,0.004,0.2,2176.95466112,1692.41616979,1048752.0,132493.12786976,8027.99606393
BTC_JPY,2020-05-20T04:50:28.93,5956017,1048351.0,1048753.0,0.3664,0.2,2175.41176112,1693.41624979,1048752.0,132490.1805408,8028.00006393
BTC_JPY,2020-05-20T04:50:33.13,5956151,1048108.0,1048959.0,0.1,0.32,2175.93793747,1690.33084423,1048106.0,132509.09911883,8042.23891103
BTC_JPY,2020-05-20T04:50:38.877,5956278,1048116.0,1048731.0,0.15,0.04166,2176.90793365,1681.96160054,1048106.0,132485.24878999,8040.52141406
BTC_JPY,2020-05-20T04:50:43.987,5956379,1048116.0,1048730.0,0.15,0.05,2176.84983365,1692.62894054,1048106.0,132477.52433289,8040.52141406
BTC_JPY,2020-05-20T04:50:48.993,5956462,1048109.0,1048725.0,0.306,0.05,2176.33243365,1692.62994054,1048106.0,132473.75252339,8040.52141406
BTC_JPY,2020-05-20T04:50:54.157,5956564,1048108.0,1048958.0,0.297,0.30000013,2173.78873365,1691.96994054,1048106.0,132472.52221599,8040.51141406
BTC_JPY,2020-05-20T04:50:58.417,5956701,1048167.0,1049133.0,0.5353,0.0542,2171.35973352,1691.91044054,1048154.0,132476.10605549,8040.50141206
BTC_JPY,2020-05-20T04:51:03.133,5956851,1048119.0,1048937.0,0.086,0.03773,2173.4851265,1691.87756339,1048171.0,132480.29329541,8040.71101206
BTC_JPY,2020-05-20T04:51:08.057,5956971,1048113.0,1048859.0,0.0858,0.05,2177.12275819,1691.92473339,1048171.0,132479.63556005,8040.71101206
BTC_JPY,2020-05-20T04:51:13.487,5957068,1048106.0,1048806.0,0.02,0.5823,2176.41855324,1693.35426844,1048859.0,132482.59170229,8040.07701206
BTC_JPY,2020-05-20T04:51:18.86,5957149,1048106.0,1048752.0,0.02,0.05,2177.31355324,1693.35012844,1048859.0,132488.64050297,8040.07701206
BTC_JPY,2020-05-20T04:51:23.893,5957206,1048106.0,1048699.0,0.02,0.5793,2177.15365324,1693.41792844,1048859.0,132516.46801294,8040.07701206
BTC_JPY,2020-05-20T04:51:28.377,5957277,1048000.0,1048668.0,0.52100005,0.5181,2176.43478086,1690.6604162,1048001.0,132520.4012751,8040.44201206
BTC_JPY,2020-05-20T04:51:33.89,5957398,1048000.0,1048573.0,0.49100005,0.32,2176.42947074,1690.85745637,1048000.0,132525.98345666,8040.47201206
BTC_JPY,2020-05-20T04:51:38.957,5957573,1047640.0,1047795.0,0.98,0.30000013,2171.71537512,1678.98304989,1047947.0,132546.6763037,8041.95701211
BTC_JPY,2020-05-20T04:51:44.03,5957715,1047640.0,1047947.0,0.37999974,0.5,2172.90461187,1681.19717765,1047640.0,132550.0018452,8042.55701237
BTC_JPY,2020-05-20T04:51:49.063,5957769,1047640.0,1047946.0,0.37999974,0.30000013,2178.00752852,1691.92787778,1047640.0,132554.05762153,8042.55701237
BTC_JPY,2020-05-20T04:51:53.557,5957795,1047523.0,1047941.0,0.00854,0.037689999999999994,2176.68631213,1691.57074778,1047640.0,132554.41221281,8042.55701237
BTC_JPY,2020-05-20T04:51:58.493,5957821,1047523.0,1047945.0,0.00854,0.1,2173.18252878,1690.87037702,1047640.0,132547.21524352,8042.55701237
BTC_JPY,2020-05-20T04:52:04.063,5957900,1047641.0,1048219.0,0.1,0.2,2174.12662878,1691.18793354,1047640.0,132536.93968193,8041.356892399999
BTC_JPY,2020-05-20T04:52:08.147,5957978,1047640.0,1048191.0,0.1,0.05,2173.75402878,1691.09722708,1047640.0,132533.03345672,8041.856892399999
BTC_JPY,2020-05-20T04:52:13.73,5958109,1047640.0,1047984.0,0.1,0.1,2169.07983523,1691.4186636,1047640.0,132533.91449672,8041.856892399999
BTC_JPY,2020-05-20T04:52:18.62,5958211,1047800.0,1047944.0,0.36786223,0.05,2170.00069746,1691.2497035999993,1047800.0,132536.10296543,8043.48903017
BTC_JPY,2020-05-20T04:55:03.75,5961045,1047689.0,1048474.0,0.5543,0.04336,2174.09247525,1678.91878395,1047800.0,132513.89330113,8038.54929031
BTC_JPY,2020-05-20T04:55:08.647,5961205,1047960.0,1048582.0,0.1,0.04311,2175.64696805,1688.76297395,1047800.0,132512.29260292,8038.54929031
BTC_JPY,2020-05-20T04:55:14.063,5961348,1047948.0,1048746.0,0.35,0.04279,2173.21850805,1691.69415128,1047800.0,132501.44583541,8038.34929031
BTC_JPY,2020-05-20T04:55:18.117,5961438,1047924.0,1048736.0,0.3512,0.5315,2173.01970805,1692.08755395,1047800.0,132497.81681854,8038.34929031
BTC_JPY,2020-05-20T04:55:23.463,5961570,1047935.0,1048721.0,0.1,0.6315,2175.62370805,1689.21936128,1047800.0,132498.97417218,8038.34929031
BTC_JPY,2020-05-20T04:55:28.77,5961726,1047975.0,1048752.0,0.1,0.03551,2177.14454118,1689.47981161,1047800.0,132501.56977135,8038.34929031
BTC_JPY,2020-05-20T04:55:33.273,5961849,1048016.0,1048830.0,0.15,0.05,2175.82614118,1689.60307161,1047800.0,132494.82821534,8038.34929031
BTC_JPY,2020-05-20T04:55:38.96,5961999,1047729.0,1048537.0,0.15,0.6326,2173.44200571,1692.67316613,1048038.0,132462.64663448,8034.60468432
BTC_JPY,2020-05-20T04:55:43.977,5962139,1047682.0,1048527.0,0.1,0.6815,2175.05507478,1692.79961287,1048038.0,132456.2485497,8034.40468432
BTC_JPY,2020-05-20T04:55:48.237,5962219,1047671.0,1048498.0,0.47249999,0.6826,2175.43757477,1692.81879287,1048038.0,132453.7602454,8034.40468432
BTC_JPY,2020-05-20T04:55:53.967,5962336,1047671.0,1048438.0,0.47249999,0.05,2175.60967477,1691.98533254,1048038.0,132441.68644318,8032.50768432
BTC_JPY,2020-05-20T04:55:58.367,5962439,1047672.0,1048423.0,0.15,0.05,2175.39637477,1691.88082287,1048038.0,132437.29742202,8032.50768432
BTC_JPY,2020-05-20T04:56:03.667,5962561,1047683.0,1048538.0,0.4,0.1,2173.49018444,1686.83138287,1048038.0,132437.18543985,8032.20768432
BTC_JPY,2020-05-20T04:56:08.71,5962693,1047569.0,1048422.0,0.15,0.05,2173.69967477,1688.34067287,1048038.0,132434.19795166,8032.17768432
BTC_JPY,2020-05-20T04:56:13.947,5962804,1047617.0,1048423.0,0.15,0.002,2173.69967477,1690.35061287,1048038.0,132429.90700412,8032.17768432
BTC_JPY,2020-05-20T04:56:18.43,5962908,1047665.0,1048423.0,0.2,0.002,2173.73967477,1691.88152287,1048038.0,132429.95284957,8032.17768432
BTC_JPY,2020-05-20T04:56:23.93,5963016,1047714.0,1048423.0,0.2,0.002,2175.67867477,1691.34372287,1048038.0,132417.74460778,8032.01668432
BTC_JPY,2020-05-20T04:56:29.027,5963112,1047762.0,1048423.0,0.2,0.002,2176.16867477,1690.79133161,1048038.0,132410.25590084,8032.01668432
BTC_JPY,2020-05-20T04:56:33.47,5963158,1047762.0,1048423.0,0.2,0.002,2175.90867477,1690.91005906,1048038.0,132402.39086597,8032.01668432
BTC_JPY,2020-05-20T04:56:38.787,5963288,1047810.0,1048423.0,0.2,0.002,2174.96297476,1686.27079906,1048038.0,132400.28767498,8031.81668432
BTC_JPY,2020-05-20T04:56:44.163,5963394,1047857.0,1048423.0,0.1,0.002,2174.41297463,1690.15893873,1048038.0,132401.97735498,8031.81668432
BTC_JPY,2020-05-20T04:56:48.207,5963457,1047870.0,1048423.0,0.2,0.002,2176.41297476,1689.80152906,1048038.0,132402.42640598,8031.81668432
BTC_JPY,2020-05-20T04:56:53.77,5963581,1047918.0,1048423.0,0.2,0.002,2173.32947477,1687.13027164,1048038.0,132393.84370492,8030.29607227
BTC_JPY,2020-05-20T04:56:58.81,5963696,1047965.0,1048423.0,0.1,0.002,2175.78417599,1688.12991164,1048038.0,132388.50784274,8030.29607227
BTC_JPY,2020-05-20T04:57:03.207,5963795,1048000.0,1048423.0,1.0,0.002,2175.728676,1688.10013131,1048038.0,132381.78779993,8030.29607227
BTC_JPY,2020-05-20T04:57:08.287,5963887,1048038.0,1048423.0,0.85,0.002,2176.58848167,1688.56789731,1048000.0,132379.69990011,8030.28607227
BTC_JPY,2020-05-20T04:57:13.17,5963974,1048039.0,1048423.0,0.5315,0.002,2177.12998167,1688.61142731,1048000.0,132379.25989184,8030.28607227
BTC_JPY,2020-05-20T04:57:18.897,5964081,1048040.0,1048664.0,0.048,0.05,2179.18798167,1688.64412731,1048622.0,132377.19961929,8030.33607227
BTC_JPY,2020-05-20T05:00:03.403,5966398,1048050.0,1048828.0,0.05,0.052000000000000005,2179.64901408,1693.22337086,1048039.0,132303.52378551,8033.45733865
BTC_JPY,2020-05-20T05:00:09.01,5966551,1048622.0,1048779.0,3.68,0.1,2179.7394744000007,1693.22146085,1048496.0,132308.89148196,8033.77733865
BTC_JPY,2020-05-20T05:00:13.72,5966661,1048039.0,1048621.0,0.048,0.23,2178.62466458,1683.10077084,1048763.0,132321.31748196,8038.05733865
BTC_JPY,2020-05-20T05:00:18.247,5966761,1048038.0,1048594.0,0.00232369,0.05,2177.64350312,1683.09500053,1048038.0,132341.1772763,8038.95301496
BTC_JPY,2020-05-20T05:00:23.533,5966894,1048000.0,1048542.0,0.79232369,0.1,2174.63640327,1693.84664099,1048000.0,132358.22342445,8039.15301496
BTC_JPY,2020-05-20T05:00:28.177,5967004,1048000.0,1048503.0,0.79232369,0.2,2175.91121294,1683.76759099,1048000.0,132361.48199228,8032.11406437
BTC_JPY,2020-05-20T05:00:33.037,5967120,1048012.0,1048766.0,0.05,0.4592,2178.70428762,1693.02275537,1048000.0,132359.20819916,8023.72294086
BTC_JPY,2020-05-20T05:00:38.697,5967242,1048023.0,1048755.0,0.03,0.05,2178.15668583,1692.72415359,1048012.0,132357.92588623,8022.90295134
BTC_JPY,2020-05-20T05:00:43.143,5967327,1048034.0,1048746.0,0.02,0.7969,2178.17368583,1693.08069346,1048023.0,132355.11413975,8022.76295134
BTC_JPY,2020-05-20T05:00:49.077,5967446,1048034.0,1048732.0,0.02,0.5457,2178.40268583,1693.26982359,1048023.0,132350.57636225,8022.61295134
BTC_JPY,2020-05-20T05:00:53.09,5967526,1048034.0,1048723.0,0.02,0.5457,2178.95768583,1692.60001359,1048023.0,132344.80941965,8022.56295134
BTC_JPY,2020-05-20T05:00:59.08,5967632,1048034.0,1048710.0,0.02,0.2,2178.80151293,1691.84465359,1048023.0,132345.00580637,8022.55715134
BTC_JPY,2020-05-20T05:01:03.483,5967697,1048034.0,1048702.0,0.02,0.15,2178.5076842,1692.58152195,1048023.0,132346.46059734,8022.55715134
BTC_JPY,2020-05-20T05:01:08.23,5967771,1048034.0,1048694.0,0.02,0.2,2178.5166842,1692.49465195,1048023.0,132348.31660709,8022.55715134
BTC_JPY,2020-05-20T05:01:14.087,5967858,1048034.0,1048687.0,0.02,0.05,2179.0364841999994,1691.15764195,1048023.0,132354.27100709,8022.55715134
BTC_JPY,2020-05-20T05:01:19.16,5967945,1048034.0,1048687.0,0.02,0.05,2178.87631294,1691.65978069,1048023.0,132354.85935995,8022.35715134
BTC_JPY,2020-05-20T05:01:23.883,5968040,1048047.0,1048686.0,0.1,0.7913,2178.21651281,1691.96994195,1048013.0,132356.26135995,8022.41215134
BTC_JPY,2020-05-20T05:01:28.943,5968133,1048023.0,1048692.0,0.1,0.5426,2177.53968569,1691.77133195,1048013.0,132351.37771589,8022.17497137
BTC_JPY,2020-05-20T05:01:33.32,5968220,1048023.0,1048670.0,0.1,0.05,2177.55468569,1692.55985195,1048013.0,132348.32433115,8021.93997137
BTC_JPY,2020-05-20T05:01:38.76,5968312,1048023.0,1048666.0,0.1,0.05,2176.6006856999998,1692.41325195,1048013.0,132340.76282650002,8021.93997137
BTC_JPY,2020-05-20T05:01:43.803,5968405,1048049.0,1048959.0,0.47249999,0.1,2175.59298568,1689.00053056,1048013.0,132341.777481,8021.33574954
BTC_JPY,2020-05-20T05:01:48.463,5968547,1048453.0,1048998.0,0.542,0.05,2176.70610869,1678.17817852,1048218.0,132359.45686455,8021.64194967
BTC_JPY,2020-05-20T05:01:54.027,5968639,1048410.0,1048999.0,0.5443,0.1,2179.82955089,1690.10974798,1048408.0,132356.93014256,8021.43013616
BTC_JPY,2020-05-20T05:01:58.24,5968712,1048602.0,1048999.0,0.5432,0.2,2180.63715089,1690.15068798,1048408.0,132329.87784134,8021.40513366
BTC_JPY,2020-05-20T05:02:03.443,5968766,1048638.0,1048999.0,0.5432,0.2,2181.73015088,1680.26576798,1048408.0,132329.66694568,8021.305103899997
BTC_JPY,2020-05-20T05:02:08.94,5968879,1048690.0,1049105.0,0.1,0.1,2182.47392258,1689.14551968,1048678.0,132334.24883909,8021.68610364
BTC_JPY,2020-05-20T05:02:13.25,5968941,1048730.0,1049105.0,0.1,0.1,2181.32392258,1689.08856968,1048678.0,132333.52190214,8021.68610364
BTC_JPY,2020-05-20T05:02:18.987,5969051,1048675.0,1049105.0,0.4214,0.1,2175.70632258,1689.47999128,1048731.0,132325.77580699,8021.89119165
BTC_JPY,2020-05-20T05:05:03.263,5971790,1048001.0,1048673.0,0.1,0.05,2175.3989429000007,1690.877189,1048000.0,132066.12142365,8001.62057677
BTC_JPY,2020-05-20T05:05:08.12,5971860,1048001.0,1048804.0,0.1,0.5204,2176.42411759,1691.63797418,1048000.0,132068.47600798,8001.61957677
BTC_JPY,2020-05-20T05:05:13.427,5971974,1048000.0,1048778.0,0.52232369,0.6084,2175.93958882,1684.03159899,1048156.0,132075.77445527,8002.42957577
BTC_JPY,2020-05-20T05:05:18.243,5972094,1048000.0,1048768.0,0.52232369,0.05,2174.53737456,1693.69943899,1048156.0,132064.44929227,8000.54455607
BTC_JPY,2020-05-20T05:05:23.13,5972248,1048000.0,1048418.0,0.50235369,0.3383,2170.62585586,1690.50874601,1048000.0,132083.76303577,8000.15607607
BTC_JPY,2020-05-20T05:05:28.803,5972381,1048000.0,1048406.0,0.50235369,0.6095,2171.63131412,1693.33129939,1048000.0,132087.10394905,8000.05507607
BTC_JPY,2020-05-20T05:05:33.27,5972467,1048000.0,1048396.0,0.50235369,0.5113,2169.95131412,1695.60621939,1048000.0,132081.74079212,8000.05507607
BTC_JPY,2020-05-20T05:05:38.89,5972544,1048000.0,1048388.0,0.50135369,0.05,2170.18717383,1694.60896386,1048000.0,132082.45956391,8000.04126607
BTC_JPY,2020-05-20T05:05:44.15,5972597,1048000.0,1048386.0,0.50135369,0.2,2173.10467384,1693.93157387,1048000.0,132074.46887151,7999.04126607
BTC_JPY,2020-05-20T05:05:48.257,5972632,1048000.0,1048383.0,0.25135369,0.30000013,2172.85167384,1693.12037387,1048000.0,132072.84723646,7999.28127134
BTC_JPY,2020-05-20T05:05:53.467,5972677,1048001.0,1048380.0,0.5047,0.05,2171.39767372,1693.16797992,1048000.0,132066.71675168,7999.28127134
BTC_JPY,2020-05-20T05:05:58.943,5972732,1048000.0,1048377.0,0.25135369,0.15,2173.43887372,1693.46960992,1048000.0,132065.1669429,7999.28127134
BTC_JPY,2020-05-20T05:06:03.307,5972772,1048000.0,1048374.0,0.25135369,0.05,2172.03287385,1692.93836992,1048000.0,132064.55774565,7999.27627134
BTC_JPY,2020-05-20T05:06:09.08,5972803,1048000.0,1048372.0,0.25645369,0.05,2172.52607385,1692.93836992,1048000.0,132062.59354565,7998.77627134
BTC_JPY,2020-05-20T05:06:13.207,5972912,1048104.0,1048769.0,0.4908,0.2,2173.99616863,1689.388518,1048420.0,132069.14763986,7999.64627134
BTC_JPY,2020-05-20T05:06:18.183,5973013,1048437.0,1049037.0,0.32,0.5,2174.01311641,1689.87638357,1048104.0,132072.94722822,7999.91627134
BTC_JPY,2020-05-20T05:06:23.57,5973135,1048438.0,1049089.0,0.1,0.4772,2172.75027293,1683.51873389,1049104.0,132090.85194491,8000.42637134
BTC_JPY,2020-05-20T05:06:28.427,5973213,1048438.0,1049070.0,0.1,0.05,2173.57276659,1691.43193389,1049104.0,132091.1756181,8000.42637134
BTC_JPY,2020-05-20T05:06:33.99,5973301,1048501.0,1049030.0,0.2,0.23,2172.61727294,1689.14688389,1049104.0,132091.77729004,8000.42637134
BTC_JPY,2020-05-20T05:06:38.083,5973363,1048501.0,1049104.0,0.2,0.4897,2174.77326674,1689.51115389,1049104.0,132094.90152827,8000.42637134
BTC_JPY,2020-05-20T05:06:43.57,5973480,1048793.0,1049469.0,0.4755,0.2,2172.1782573,1676.32457148,1049250.0,132101.78210052,8000.44437134
BTC_JPY,2020-05-20T05:06:49.03,5973535,1048799.0,1049468.0,0.4765,0.2,2171.83013559,1688.18192357,1049250.0,132105.73862449,8000.44437134
BTC_JPY,2020-05-20T05:06:53.767,5973614,1048803.0,1049468.0,0.4755,0.05,2171.3396356,1688.01854357,1049250.0,132114.55065503,8000.34007134
BTC_JPY,2020-05-20T05:06:58.353,5973708,1049021.0,1049470.0,0.32,0.02,2173.35363559,1687.88641506,1049250.0,132114.97943038,8000.34007134
BTC_JPY,2020-05-20T05:07:03.61,5973810,1049250.0,1049500.0,0.0052,0.51,2171.0932356,1688.14317506,1049470.0,132114.96718745,8000.36007134
BTC_JPY,2020-05-20T05:07:08.39,5973939,1048732.0,1049457.0,0.32,0.15,2170.12887714,1691.6463573,1048503.0,132117.464142,8000.38046982
BTC_JPY,2020-05-20T05:07:13.897,5974085,1049478.0,1049898.0,0.32,0.3,2172.33850859,1686.3350724,1049549.0,132155.17833749,8003.78248782
BTC_JPY,2020-05-20T05:07:18.27,5974148,1049479.0,1049898.0,0.30000013,0.3,2173.12350859,1689.762182,1049549.0,132160.19963474,8003.78248782
BTC_JPY,2020-05-20T05:10:03.393,5976727,1049600.0,1050036.0,0.20001087,0.4473,2176.09154335,1690.85452641,1049600.0,132189.99573878,8004.54949367
BTC_JPY,2020-05-20T05:10:08.817,5976850,1049217.0,1050026.0,0.2943,0.4425,2174.15250264,1689.01108649,1049263.0,132187.62293936,8004.80469425
BTC_JPY,2020-05-20T05:10:13.857,5976958,1049228.0,1050014.0,0.23,0.5911,2175.88638256,1691.3694835000001,1049263.0,132176.33269397,8001.75469425
BTC_JPY,2020-05-20T05:10:18.42,5977054,1049217.0,1050005.0,0.2019,0.05409299,2177.20418598,1690.93858991,1049240.0,132157.6689534,8001.22114425
BTC_JPY,2020-05-20T05:10:23.5,5977164,1049241.0,1049993.0,0.4444,0.2381,2178.44578598,1691.16454692,1049240.0,132124.15810566,8000.02130275
BTC_JPY,2020-05-20T05:10:28.613,5977295,1049634.0,1050105.0,0.1,0.994599,2178.43256328,1688.97360692,1049240.0,132112.77567920001,7999.05010276
BTC_JPY,2020-05-20T05:10:34.063,5977393,1049675.0,1050105.0,0.4444,0.994599,2178.80648694,1690.02602056,1049240.0,132101.51594117,7999.05010276
BTC_JPY,2020-05-20T05:10:38.293,5977462,1049632.0,1050105.0,0.4425,0.994599,2178.39858972,1690.50252056,1049240.0,132103.39370298,7999.05010276
BTC_JPY,2020-05-20T05:10:43.983,5977574,1049376.0,1050100.0,0.2,0.05409299,2177.74908694,1690.5569444000002,1049240.0,132109.88275593,7999.04010276
BTC_JPY,2020-05-20T05:10:49.137,5977635,1049375.0,1050100.0,0.4444,0.05409299,2178.04546369,1691.8613462,1049402.0,132109.45530623,7998.86810276
BTC_JPY,2020-05-20T05:10:54.113,5977735,1049668.0,1050105.0,0.1,0.994599,2176.6214395999996,1692.07110647,1049402.0,132107.98881709,7998.86810276
BTC_JPY,2020-05-20T05:10:58.48,5977801,1049473.0,1050104.0,0.4944,0.05409299,2177.88566647,1691.92834946,1049402.0,132108.45091709,7998.86810276
BTC_JPY,2020-05-20T05:11:03.263,5977875,1049450.0,1050102.0,0.4425,0.05,2175.8455396,1692.05169946,1049402.0,132109.00945359,7998.86810276
BTC_JPY,2020-05-20T05:11:08.677,5977925,1049491.0,1050103.0,0.05,0.05409299,2175.4130395999996,1692.13149946,1049402.0,132111.14645359,7998.86810276
BTC_JPY,2020-05-20T05:11:14.027,5978013,1049488.0,1050104.0,0.5959,0.05409299,2174.01993961,1691.45739946,1049402.0,132113.07691577,7998.66810276
BTC_JPY,2020-05-20T05:11:18.29,5978093,1049826.0,1050104.0,0.4474,0.05409299,2175.01893959,1689.7103862,1049402.0,132114.38782809,7998.66810276
BTC_JPY,2020-05-20T05:11:23.753,5978188,1049857.0,1050177.0,0.4557,0.02,2176.66008228,1687.42496437,1050105.0,132116.95417554,7999.76709475
BTC_JPY,2020-05-20T05:11:28.32,5978269,1049888.0,1050177.0,0.4557,0.02,2178.75147786,1688.20829983,1050105.0,132117.20888713,7999.76709475
BTC_JPY,2020-05-20T05:11:33.7,5978374,1049698.0,1050177.0,0.22,0.02,2176.64500901,1688.83101996,1050105.0,132081.75979526,7994.99201494
BTC_JPY,2020-05-20T05:11:38.38,5978453,1049730.0,1050177.0,0.4571,0.02,2177.77297786,1688.86788996,1050105.0,132063.77268064,7992.91401574
BTC_JPY,2020-05-20T05:11:43.93,5978521,1049758.0,1050177.0,0.15,0.02,2176.20907773,1688.53613983,1050105.0,132049.88240873,7992.77043574
BTC_JPY,2020-05-20T05:11:48.52,5978584,1049823.0,1050105.0,0.32,0.001,2175.85557786,1688.33379124,1050105.0,132036.57902073,7988.61063574
BTC_JPY,2020-05-20T05:11:53.2,5978633,1049826.0,1050177.0,0.05,0.02,2176.14957785,1688.05874124,1050105.0,132027.18770681,7988.61163574
BTC_JPY,2020-05-20T05:11:58.353,5978712,1049851.0,1050177.0,0.05,0.02,2174.73830914,1689.15420983,1050105.0,132025.6339595,7988.61163574
BTC_JPY,2020-05-20T05:12:03.517,5978749,1049824.0,1050177.0,0.4532,0.02,2176.86567786,1689.48908996,1050105.0,132020.10373751,7988.41163574
BTC_JPY,2020-05-20T05:12:08.74,5978795,1049840.0,1050177.0,0.4571,0.02,2176.90570914,1689.31017124,1050105.0,131990.94344775,7988.22414574
BTC_JPY,2020-05-20T05:12:13.833,5978842,1050105.0,1050177.0,0.92,0.02,2177.76357786,1689.42245996,1050105.0,131987.94815123,7988.22414574
BTC_JPY,2020-05-20T05:12:18.833,5978881,1050105.0,1050177.0,0.469,0.02,2177.13927787,1689.49846996,1050105.0,131984.23305123,7988.34534574
BTC_JPY,2020-05-20T05:15:03.313,5981167,1049941.0,1050316.0,0.300002,0.2787,2172.25436651,1693.80380117,1049941.0,132046.23704756,7989.61894635
BTC_JPY,2020-05-20T05:15:08.42,5981242,1049642.0,1050313.0,0.1,0.15,2172.81981039,1695.18319117,1049941.0,132036.94582109,7989.81894635
BTC_JPY,2020-05-20T05:15:14.03,5981354,1049630.0,1050312.0,0.1,0.273,2174.1947244000007,1690.74564742,1049941.0,132036.79982109,7989.81894635
BTC_JPY,2020-05-20T05:15:18.443,5981436,1049588.0,1050309.0,0.014,0.15,2173.569594400001,1690.57436742,1049941.0,132037.51306109,7989.81894635
BTC_JPY,2020-05-20T05:15:23.787,5981564,1049941.0,1050312.0,1e-06,0.2732,2173.0009954,1691.05981742,1049941.0,132029.78984466,7989.77894535
BTC_JPY,2020-05-20T05:15:28.97,5981657,1049941.0,1050313.0,1e-06,0.3447,2173.5655954,1689.68749742,1049941.0,132026.73020741,7989.72894535
BTC_JPY,2020-05-20T05:15:33.613,5981746,1049941.0,1050315.0,1e-06,0.3448,2173.07860221,1693.57961435,1049941.0,132027.36346416,7989.72894535
BTC_JPY,2020-05-20T05:15:38.363,5981887,1049141.0,1050148.0,0.4435020000000001,0.44999999,2171.88317782,1684.88832368,1049141.0,132028.62675074,7990.16994335
BTC_JPY,2020-05-20T05:15:44.123,5982079,1049001.0,1049250.0,0.05,0.004,2169.98699095,1693.07333884,1049000.0,132048.85492162,7990.61369845
BTC_JPY,2020-05-20T05:15:48.96,5982175,1049001.0,1049515.0,0.1809,0.0596,2173.88779067,1692.80491972,1049250.0,132056.41457111,7990.45679845
BTC_JPY,2020-05-20T05:15:54.027,5982204,1049001.0,1049515.0,0.1809,0.0596,2173.52404622,1693.08229785,1049250.0,132057.03030781,7990.09679845
BTC_JPY,2020-05-20T05:15:58.713,5982265,1049026.0,1049747.0,0.15,0.4604,2172.12985376,1693.42962785,1049250.0,132045.00709781,7978.42679845
BTC_JPY,2020-05-20T05:16:04.007,5982320,1049250.0,1049747.0,0.014,0.4604,2171.87655376,1694.20537785,1049250.0,132048.58658185,7978.42679845
BTC_JPY,2020-05-20T05:16:09.057,5982376,1048989.0,1049748.0,0.22,0.507,2167.50018836,1692.74197785,1049000.0,132046.35740935,7978.49079845
BTC_JPY,2020-05-20T05:16:13.9,5982490,1049116.0,1049774.0,0.2,0.004,2170.84272553,1691.50456504,1049000.0,132044.8054464,7978.49079845
BTC_JPY,2020-05-20T05:16:19.083,5982566,1049128.0,1049774.0,0.05,0.004,2168.1604254,1691.69903491,1049000.0,132044.20266845,7978.49079845
BTC_JPY,2020-05-20T05:16:23.127,5982641,1049133.0,1049774.0,0.05,0.004,2170.54522554,1692.43013504,1049000.0,132044.48746897,7978.49079845
BTC_JPY,2020-05-20T05:16:28.19,5982767,1049124.0,1049774.0,0.459,0.004,2171.79922554,1691.97958491,1049000.0,132045.99146896,7978.49079845
BTC_JPY,2020-05-20T05:16:33.987,5982898,1049013.0,1049774.0,0.46,0.004,2172.50022554,1690.74768504,1049000.0,132042.58514725,7978.36079845
BTC_JPY,2020-05-20T05:16:38.187,5983003,1049053.0,1049774.0,0.22,0.004,2173.72022554,1691.74608505,1049000.0,132042.07114725,7978.36079845
BTC_JPY,2020-05-20T05:16:44.093,5983102,1049088.0,1049774.0,0.4623,0.004,2173.42252554,1691.71407505,1049000.0,132038.02414725,7978.35079845
BTC_JPY,2020-05-20T05:16:49.117,5983173,1049101.0,1049774.0,0.05,0.004,2172.53418068,1690.71636505,1049000.0,132038.56714725,7978.34879845
BTC_JPY,2020-05-20T05:16:53.263,5983254,1048997.0,1049768.0,0.0935,0.1,2173.20372554,1690.70336505,1049000.0,132040.59572725,7978.34879845
BTC_JPY,2020-05-20T05:16:58.923,5983374,1048995.0,1049755.0,0.22,0.5623,2172.95192541,1691.40941505,1049000.0,132039.45431725,7978.21638845
BTC_JPY,2020-05-20T05:17:03.42,5983462,1048995.0,1049746.0,0.0648,0.15,2174.23002554,1692.01371505,1048983.0,132019.58562804,7978.24638845
BTC_JPY,2020-05-20T05:17:08.597,5983565,1049001.0,1049744.0,0.0673,0.4626,2173.29352554,1693.88251505,1048983.0,132018.01968384,7978.24638845
BTC_JPY,2020-05-20T05:17:13.96,5983663,1049001.0,1049737.0,0.1,0.4623,2173.42352807,1693.85551758,1048983.0,132017.10048088,7978.14668845
BTC_JPY,2020-05-20T05:17:18.193,5983697,1049002.0,1049737.0,0.04,0.4623,2173.44182807,1694.01081758,1049002.0,132012.42838098,7978.15668845
BTC_JPY,2020-05-20T05:20:02.347,5986375,1048994.0,1049975.0,0.1,0.306,2170.00366532,1667.33215002,1049009.0,131842.66806105,7972.49587636
BTC_JPY,2020-05-20T05:20:08.537,5986501,1048971.0,1049567.0,0.09,0.4432,2172.04871536,1677.32188375,1048971.0,131849.7189045,7972.72587436
BTC_JPY,2020-05-20T05:20:13.737,5986620,1048900.0,1049550.0,0.140001,0.15,2173.8389194,1682.97231362,1048971.0,131856.427855,7972.72587436
BTC_JPY,2020-05-20T05:20:18.303,5986694,1048900.0,1049540.0,0.140001,0.4442,2170.118919400001,1682.97630279,1048971.0,131856.12081145,7972.72587436
BTC_JPY,2020-05-20T05:20:23.537,5986766,1048900.0,1049530.0,0.140001,0.4432,2171.5759194,1683.07530279,1048971.0,131858.68939265,7972.72587436
BTC_JPY,2020-05-20T05:20:28.937,5986837,1048901.0,1049552.0,0.05,0.30000013,2169.6359194,1683.48060279,1048971.0,131857.55455496,7972.72587436
BTC_JPY,2020-05-20T05:20:33.063,5986922,1048906.0,1049704.0,0.05,0.4416,2170.20072399,1683.5938874,1048971.0,131857.7478091,7972.71645636
BTC_JPY,2020-05-20T05:20:38.98,5987050,1049003.0,1049703.0,0.15,0.4442,2173.31502412,1683.5761874000002,1048971.0,131857.70328092,7972.70645636
BTC_JPY,2020-05-20T05:20:43.897,5987152,1049005.0,1049701.0,0.2593,0.4461,2171.66812412,1684.1997574000006,1048971.0,131847.31847265,7972.70645636
BTC_JPY,2020-05-20T05:20:46.897,5987228,1048971.0,1049518.0,0.47000299999999995,0.3,2173.00592712,1684.0414574000001,1048971.0,131840.92958619999,7972.95645336
BTC_JPY,2020-05-20T05:20:53.903,5987335,1048972.0,1049516.0,0.05,0.4418,2173.56292812,1683.7153474,1048971.0,131834.22920580002,7973.12655435
BTC_JPY,2020-05-20T05:20:58.323,5987399,1048973.0,1049515.0,0.1498,0.1,2174.37792799,1683.0535874000002,1048971.0,131799.28840554,7970.49806473
BTC_JPY,2020-05-20T05:21:03.903,5987508,1048982.0,1049698.0,0.4428,0.1,2175.02272812,1683.82165741,1048971.0,131786.30831582,7969.55769527
BTC_JPY,2020-05-20T05:21:08.933,5987601,1048971.0,1049686.0,0.280004,0.5029,2174.52192812,1691.62128162,1049691.0,131771.90190301,7968.03671575
BTC_JPY,2020-05-20T05:21:13.443,5987688,1048972.0,1049571.0,0.4418,0.1,2174.96372812,1691.09078162,1049691.0,131737.39303483,7964.35441575
BTC_JPY,2020-05-20T05:21:18.273,5987766,1048971.0,1049566.0,0.280004,0.3028,2172.00972813,1691.06372149,1049691.0,131725.12657731,7964.19452674
BTC_JPY,2020-05-20T05:21:23.983,5987903,1048971.0,1049657.0,0.28953715,0.05,2172.12206115,1691.17015162,1049657.0,131721.33117213,7964.28814774
BTC_JPY,2020-05-20T05:21:28.927,5987996,1048972.0,1049650.0,0.4302,0.5393,2174.60366128,1691.52145162,1048972.0,131715.52567002,7964.29814774
BTC_JPY,2020-05-20T05:21:34.09,5988090,1048972.0,1049637.0,0.4202010000000001,0.4393,2174.79266228,1691.45145162,1048972.0,131712.6722529,7964.30814674
BTC_JPY,2020-05-20T05:21:38.617,5988166,1048972.0,1049626.0,0.4202010000000001,0.4402,2175.29266228,1691.53065162,1048972.0,131710.04106682,7964.30814674
BTC_JPY,2020-05-20T05:21:43.557,5988253,1048977.0,1049631.0,0.4279,0.30000013,2173.12936128,1691.21045162,1048972.0,131704.49060318,7964.20814674
BTC_JPY,2020-05-20T05:21:48.577,5988333,1048972.0,1049619.0,0.4288,0.1,2177.64126128,1691.35844162,1048972.0,131702.74541494,7964.20814674
BTC_JPY,2020-05-20T05:21:53.64,5988428,1048975.0,1049625.0,0.04,0.1,2177.65166128,1691.30844162,1048975.0,131699.80204829,7964.21814674
BTC_JPY,2020-05-20T05:21:58.13,5988481,1048978.0,1049643.0,0.4411,0.0283,2177.65356069,1690.99726103,1048975.0,131703.05116294,7964.21814674
BTC_JPY,2020-05-20T05:22:04.133,5988594,1049082.0,1049643.0,0.4382,0.0283,2177.51842236,1690.18794785,1048975.0,131704.5863721,7964.21814674
BTC_JPY,2020-05-20T05:22:08.447,5988671,1049092.0,1049643.0,0.2,0.0283,2172.85457554,1690.41730103,1048975.0,131706.43048731,7964.02274674
BTC_JPY,2020-05-20T05:22:14.017,5988804,1049097.0,1049643.0,0.05,0.0283,2170.85967554,1691.6582008999999,1048975.0,131711.39617731,7963.84274674
BTC_JPY,2020-05-20T05:22:18.913,5988909,1048976.0,1049635.0,0.1159,0.4411,2172.95807096,1691.79100103,1048975.0,131709.73617731,7963.79274674
BTC_JPY,2020-05-20T05:25:03.917,5990535,1049221.0,1049649.0,0.5,0.1251,2181.32748228,1690.30391654,1049396.0,131617.98780912,7961.48630931
BTC_JPY,2020-05-20T05:25:08.607,5990589,1049221.0,1049649.0,0.5,0.1,2185.97649184,1690.20971654,1049396.0,131617.80456227,7961.48630931
BTC_JPY,2020-05-20T05:25:13.863,5990660,1049222.0,1049702.0,0.05,0.4418,2181.53168241,1691.31512654,1049396.0,131617.21022351,7960.54630721
BTC_JPY,2020-05-20T05:25:19.09,5990725,1049222.0,1049697.0,0.05,0.30000013,2185.55168241,1691.57834667,1049396.0,131615.97530783,7960.54630721
BTC_JPY,2020-05-20T05:25:23.953,5990778,1049222.0,1049674.0,0.05,0.4,2187.07568228,1691.89223667,1049396.0,131612.36248655,7960.55630721
BTC_JPY,2020-05-20T05:25:28.683,5990815,1049224.0,1049697.0,0.05,0.30000013,2187.52568241,1691.69968667,1049396.0,131610.98253004,7960.66630721
BTC_JPY,2020-05-20T05:25:33.103,5990849,1049243.0,1049696.0,0.05,0.09047071,2187.36568241,1690.74425738,1049696.0,131609.41839991,7960.665836499998
BTC_JPY,2020-05-20T05:25:38.163,5990879,1049246.0,1049685.0,0.2,0.4,2187.81568241,1690.60826681,1049697.0,131601.44685356,7960.8958365
BTC_JPY,2020-05-20T05:25:43.747,5990928,1049238.0,1049685.0,0.15146744,0.1,2187.31710749,1690.46421502,1049238.0,131601.54238612,7961.11436906
BTC_JPY,2020-05-20T05:25:49.237,5991023,1049073.0,1049682.0,0.15,0.1,2187.1156662,1690.90945117,1049221.0,131603.68054703,7961.66436906
BTC_JPY,2020-05-20T05:25:53.463,5991099,1049073.0,1049396.0,0.2,0.04,2187.2290662,1689.60770118,1049221.0,131605.50676064,7961.66436906
BTC_JPY,2020-05-20T05:25:58.437,5991174,1049073.0,1049396.0,0.05,0.04,2187.0636662,1690.02345118,1049221.0,131605.35676064,7961.66436906
BTC_JPY,2020-05-20T05:26:04.06,5991258,1049074.0,1049684.0,0.1,0.43,2187.3506661999995,1690.64069118,1049401.0,131608.83743274,7961.86436906
BTC_JPY,2020-05-20T05:26:08.343,5991306,1049082.0,1049696.0,0.1,0.4329,2187.3906661999995,1690.67077118,1049401.0,131608.73441274,7961.86436906
BTC_JPY,2020-05-20T05:26:13.96,5991383,1049091.0,1049682.0,0.1,0.4325,2187.2106662,1691.14834118,1049401.0,131606.80741938,7961.46436906
BTC_JPY,2020-05-20T05:26:18.243,5991449,1049100.0,1049656.0,0.05,0.4,2181.3459662,1691.10537047,1049401.0,131607.09986831,7961.45466906
BTC_JPY,2020-05-20T05:26:23.36,5991615,1048971.0,1049379.0,0.22655835,0.4,2177.16973757,1691.03173828,1048971.0,131627.26042161,7963.67611471
BTC_JPY,2020-05-20T05:26:29.097,5991837,1048400.0,1048829.0,0.96,0.6304,2177.19559745,1693.82286786,1048439.0,131639.75960383,7964.75253807
BTC_JPY,2020-05-20T05:26:33.323,5992021,1047771.0,1048117.0,0.1,0.4512,2172.69361876,1691.35953217,1047738.0,131672.52852244,7967.88186114
BTC_JPY,2020-05-20T05:26:38.197,5992111,1047500.0,1048099.0,0.154,0.2214,2178.0050587,1692.33658904,1047501.0,131696.00560855,7968.09007941
BTC_JPY,2020-05-20T05:26:43.537,5992268,1047502.0,1048070.0,0.05,0.4,2177.35009204,1689.48411694,1047501.0,131701.67560855,7968.09007941
BTC_JPY,2020-05-20T05:26:48.917,5992427,1047501.0,1048171.0,0.1,0.4977,2175.92309217,1692.33508262,1047501.0,131709.56230266,7965.26060974
BTC_JPY,2020-05-20T05:26:53.737,5992518,1047502.0,1048004.0,0.05,0.1,2176.38309216,1691.53510776,1047501.0,131711.21689229,7965.13007941
BTC_JPY,2020-05-20T05:26:58.24,5992590,1047506.0,1048195.0,0.09,0.4442,2177.54409215,1691.62525777,1047501.0,131709.01784781,7965.13007941
BTC_JPY,2020-05-20T05:27:04.567,5992689,1047515.0,1048194.0,0.2,0.4461,2177.05878917,1691.09159649,1047501.0,131712.68646997,7965.13007941
BTC_JPY,2020-05-20T05:27:08.737,5992758,1047521.0,1048183.0,0.09,0.4461,2176.83278904,1691.03769649,1047501.0,131713.44200945,7965.13007941
BTC_JPY,2020-05-20T05:27:13.77,5992928,1047819.0,1048569.0,0.44999999,0.1,2180.05378376,1687.45112639,1048182.0,131739.28653392,7965.70407941
BTC_JPY,2020-05-20T05:27:18.18,5993056,1047850.0,1048326.0,0.1,0.4363,2180.73780582,1691.45936815,1048034.0,131752.8949566,7965.83407941
BTC_JPY,2020-05-20T05:30:03.42,5995292,1047793.0,1047954.0,0.2,0.33585567,2178.69623998,1692.95866352,1047954.0,131618.64403917,7956.59472704
BTC_JPY,2020-05-20T05:30:08.753,5995330,1047795.0,1047954.0,0.05,0.33585567,2178.56623998,1691.84801352,1047954.0,131553.62718359,7956.24472704
BTC_JPY,2020-05-20T05:30:14.153,5995433,1047529.0,1047904.0,0.83999987,0.4337,2174.78861029,1693.63957871,1047529.0,131550.03246187,7956.54472717
BTC_JPY,2020-05-20T05:30:18.84,5995495,1047529.0,1047880.0,0.63999987,0.4314,2173.28861042,1683.42078588,1047529.0,131556.22888739,7956.29472718
BTC_JPY,2020-05-20T05:30:24.193,5995593,1047529.0,1047954.0,0.63999987,0.33585567,2178.07666906,1693.42002721,1047529.0,131555.30753021,7956.29472718
BTC_JPY,2020-05-20T05:30:28.69,5995641,1047531.0,1048033.0,0.05,0.42849,2172.22766906,1692.35639531,1048033.0,131544.12383694,7956.68182718
BTC_JPY,2020-05-20T05:30:33.517,5995691,1047530.0,1047984.0,0.1,0.04025,2172.72859391,1693.42835531,1048033.0,131550.83476391,7956.68182718
BTC_JPY,2020-05-20T05:30:38.01,5995721,1047530.0,1047936.0,0.1,0.4317,2180.63859391,1693.93599639,1048033.0,131549.41346431,7956.68182718
BTC_JPY,2020-05-20T05:30:42.953,5995777,1047529.0,1047905.0,0.93999987,0.4281,2178.22359391,1695.72408179,1047529.0,131552.56251643,7956.98182718
BTC_JPY,2020-05-20T05:30:48.22,5995913,1047000.0,1047129.0,0.122466,0.001,2172.15719837,1685.9214264000002,1047000.0,131575.55805318,7961.01672705
BTC_JPY,2020-05-20T05:30:54.023,5996058,1046831.0,1047288.0,0.05,0.4313,2175.0071304000007,1696.88450042,1046910.0,131604.38002478,7962.13919305
BTC_JPY,2020-05-20T05:30:58.22,5996161,1046831.0,1047272.0,0.05,0.1,2172.99139375,1695.20789029,1046910.0,131628.83999749998,7962.12919305
BTC_JPY,2020-05-20T05:31:03.317,5996230,1046920.0,1047340.0,0.11,0.08,2170.24559388,1694.90720042,1047340.0,131631.50168145,7962.14919305
BTC_JPY,2020-05-20T05:31:08.467,5996379,1047053.0,1047653.0,0.1,0.1,2170.12169475,1693.17488355,1047529.0,131644.33583328,7962.25319305
BTC_JPY,2020-05-20T05:31:13.917,5996470,1047081.0,1047654.0,0.1,0.44999999,2174.37666656,1690.49256876,1047529.0,131653.11104378,7962.04709305
BTC_JPY,2020-05-20T05:31:18.403,5996532,1047119.0,1047652.0,0.2605,0.4277,2171.15716656,1692.32370336,1047529.0,131645.30195483,7962.04709305
BTC_JPY,2020-05-20T05:31:23.517,5996645,1047116.0,1047654.0,0.2589,0.44999999,2174.55156656,1690.24223336,1047529.0,131647.02195483,7962.01709305
BTC_JPY,2020-05-20T05:31:28.597,5996720,1047157.0,1047653.0,0.2578,0.2,2177.60946656,1693.51550336,1047529.0,131645.69397655,7962.01709305
BTC_JPY,2020-05-20T05:31:33.71,5996757,1047192.0,1047639.0,0.1,0.1,2177.13936656,1693.69200336,1047529.0,131645.36097655,7962.01409305
BTC_JPY,2020-05-20T05:31:39.183,5996835,1047114.0,1047639.0,0.1,0.1,2177.22616643,1689.50722713,1047654.0,131643.96416616,7962.62609305
BTC_JPY,2020-05-20T05:31:44.143,5996949,1047155.0,1047654.0,0.1,0.00999999,2176.9274479,1690.26490471,1047654.0,131647.11242436,7960.53899355
BTC_JPY,2020-05-20T05:31:48.883,5997037,1047654.0,1047728.0,0.001,0.05,2173.2330479,1691.68337341,1047654.0,131645.47892639,7960.53899355
BTC_JPY,2020-05-20T05:31:53.23,5997115,1047654.0,1047728.0,0.001,0.05,2172.85390032,1691.27736112,1047654.0,131645.33567067,7960.37899355
BTC_JPY,2020-05-20T05:31:58.283,5997197,1047654.0,1047728.0,0.001,0.05,2177.7672479000007,1692.32066112,1047654.0,131645.37515038,7960.37899355
BTC_JPY,2020-05-20T05:32:03.567,5997328,1047251.0,1047728.0,0.2,0.05,2180.9782479,1692.98802112,1047654.0,131635.16718932,7960.19999355
BTC_JPY,2020-05-20T05:32:09.147,5997470,1047654.0,1048119.0,0.002,0.1,2181.26844789,1691.99584112,1047728.0,131632.32930209,7959.82365494
BTC_JPY,2020-05-20T05:32:13.413,5997558,1047654.0,1048119.0,0.002,0.1,2174.84514789,1693.90763112,1047728.0,131628.26917946,7959.72365494
BTC_JPY,2020-05-20T05:32:18.51,5997640,1047661.0,1048169.0,0.4267,0.1,2195.92284776,1693.83713112,1047728.0,131627.830254,7959.71365494
BTC_JPY,2020-05-20T05:35:03.573,5999517,1047681.0,1048071.0,0.4203,2.0,2194.10557258,1695.01215584,1047885.0,131555.63785436,7968.05055725
BTC_JPY,2020-05-20T05:35:09.027,5999641,1047816.0,1048657.0,0.6664,0.0515,2191.725095,1680.40152565,1048363.0,131564.07064851,7968.48515725
BTC_JPY,2020-05-20T05:35:13.63,5999749,1047865.0,1048654.0,0.4164,0.17,2195.55978508,1693.37389127,1048654.0,131570.41441723,7968.01515725
BTC_JPY,2020-05-20T05:35:18.733,5999887,1047908.0,1048642.0,0.2365,0.4174,2191.78422171,1695.73530127,1048654.0,131555.70479649,7967.41015725
BTC_JPY,2020-05-20T05:35:23.43,6000015,1047671.0,1048505.0,0.2383,0.2,2189.51251308,1693.32448794,1048654.0,131555.15985665,7966.91015725
BTC_JPY,2020-05-20T05:35:28.877,6000147,1047657.0,1048491.0,0.35950272,0.05,2192.9595354000007,1693.39954794,1048654.0,131527.32320438,7966.88015725
BTC_JPY,2020-05-20T05:35:33.71,6000256,1047705.0,1048478.0,0.2407,0.4175,2191.5702354,1693.90592794,1048654.0,131520.11777972,7966.88015725
BTC_JPY,2020-05-20T05:35:38.87,6000387,1048003.0,1048509.0,0.2431,0.3,2191.50531302,1694.39368558,1048654.0,131512.24653395,7966.88015725
BTC_JPY,2020-05-20T05:35:43.153,6000487,1048031.0,1048626.0,0.1,0.4159,2193.72989072,1695.97758923,1048628.0,131515.77008742,7966.89015725
BTC_JPY,2020-05-20T05:35:48.257,6000609,1047689.0,1048583.0,0.2443,0.4683,2196.1628596,1696.50126945,1048628.0,131514.85223543,7966.89015725
BTC_JPY,2020-05-20T05:35:53.5,6000731,1047785.0,1048570.0,0.1,0.31,2196.0021596,1696.26918945,1048582.0,131511.27858132,7967.09015725
BTC_JPY,2020-05-20T05:35:58.897,6000858,1048000.0,1048550.0,0.11,0.5598,2196.6390596,1695.62038945,1048582.0,131510.54707748,7966.84015725
BTC_JPY,2020-05-20T05:36:04.027,6000980,1048000.0,1048499.0,0.11,0.4119,2196.13747822,1697.14027936,1048582.0,131509.84543020002,7966.84015725
BTC_JPY,2020-05-20T05:36:08.507,6001090,1048000.0,1048469.0,0.11,0.4111,2196.51738893,1696.94558629,1048582.0,131507.33756843,7966.84015725
BTC_JPY,2020-05-20T05:36:13.493,6001192,1048001.0,1048456.0,0.4199,0.411,2196.21838893,1695.09029629,1048582.0,131506.67014746,7966.84015725
BTC_JPY,2020-05-20T05:36:18.893,6001289,1048049.0,1048423.0,0.4152,0.04,2176.92339985,1696.14348936,1048582.0,131506.0038062,7966.84015725
BTC_JPY,2020-05-20T05:36:24.073,6001382,1048016.0,1048557.0,0.1,0.01,2176.28209292,1695.93763629,1048582.0,131505.82655983,7966.69415725
BTC_JPY,2020-05-20T05:36:28.573,6001453,1048054.0,1048557.0,0.4152,0.01,2180.62739985,1695.70007659,1048582.0,131505.72427341,7966.69415725
BTC_JPY,2020-05-20T05:36:33.557,6001542,1048092.0,1048633.0,0.1,0.3897,2176.67649985,1696.41216881,1048582.0,131499.15839008,7966.49415725
BTC_JPY,2020-05-20T05:36:39.12,6001657,1048028.0,1048676.0,0.4143,0.4018,2180.77599985,1696.68463881,1048582.0,131501.88270572,7966.49415725
BTC_JPY,2020-05-20T05:36:43.197,6001724,1048068.0,1048676.0,0.4152,0.1139,2182.95857449,1695.20389881,1048582.0,131499.06170486,7966.49415725
BTC_JPY,2020-05-20T05:36:48.6,6001875,1048008.0,1048644.0,0.1,0.05,2176.14555123,1695.42909881,1048582.0,131455.14375242,7965.15908522
BTC_JPY,2020-05-20T05:36:53.98,6002002,1048012.0,1048633.0,0.1,0.0433,2177.30885135,1695.03959881,1048582.0,131444.5835442,7964.95749958
BTC_JPY,2020-05-20T05:36:57.957,6002064,1048053.0,1048633.0,0.4185,0.0433,2196.13605135,1695.03791881,1048582.0,131445.84245761,7964.93749958
BTC_JPY,2020-05-20T05:37:03.377,6002127,1048048.0,1048635.0,0.1,3.09,2194.20845135,1695.04711881,1048582.0,131434.75322079,7964.91749958
BTC_JPY,2020-05-20T05:37:08.587,6002225,1048059.0,1048634.0,0.05,0.1,2193.91805135,1697.89971881,1048582.0,131432.93073144,7964.91749958
BTC_JPY,2020-05-20T05:37:13.82,6002371,1048365.0,1049029.0,0.05,0.998,2193.6684841999995,1678.03117779,1049029.0,131444.69166080002,7969.26639958
BTC_JPY,2020-05-20T05:37:18.783,6002478,1048432.0,1049029.0,0.1,0.998,2194.33407855,1690.63183214,1049029.0,131450.15200482,7969.26639958
BTC_JPY,2020-05-20T05:40:03.987,6005182,1048171.0,1048670.0,0.01,0.1,2174.67420456,1695.88930525,1048500.0,131348.37464165,7961.86393395
BTC_JPY,2020-05-20T05:40:08.37,6005251,1048500.0,1048686.0,0.8,1.9980000000000002,2175.9499237,1695.54342439,1048686.0,131348.67713867,7962.06593395
BTC_JPY,2020-05-20T05:40:13.253,6005269,1048500.0,1048686.0,0.8,1.9980000000000002,2177.5899237,1695.00124439,1048686.0,131339.82843897,7962.06593395
BTC_JPY,2020-05-20T05:40:18.797,6005294,1048500.0,1048686.0,0.8,0.998,2176.93989601,1695.2678967,1048686.0,131338.94958334,7963.06593395
BTC_JPY,2020-05-20T05:40:23.313,6005320,1048171.0,1048685.0,0.01,0.1,2176.80709601,1695.3067767,1048500.0,131338.66753926,7963.86593395
BTC_JPY,2020-05-20T05:40:29.017,6005402,1048171.0,1048685.0,0.01,0.1,2176.80710241,1695.3259831,1048500.0,131336.61253926,7963.86593395
BTC_JPY,2020-05-20T05:40:33.517,6005472,1048500.0,1048684.0,0.0033,0.05,2177.50230228,1695.27282701,1048500.0,131334.81747926,7963.86593395
BTC_JPY,2020-05-20T05:40:38.113,6005558,1048500.0,1048685.0,0.0033,0.1,2177.69780241,1695.22396701,1048500.0,131335.26847926,7963.86593395
BTC_JPY,2020-05-20T05:40:44.04,6005667,1048160.0,1048670.0,0.1,0.05,2176.80590241,1694.71635701,1048500.0,131337.43719593,7964.51923395
BTC_JPY,2020-05-20T05:40:48.69,6005761,1048160.0,1048657.0,0.1,0.05,2176.82590241,1696.18984701,1048500.0,131332.31349882,7964.51923395
BTC_JPY,2020-05-20T05:40:53.75,6005845,1048160.0,1048658.0,0.4447,0.05,2176.69940241,1695.43580701,1048500.0,131330.67025956,7964.51923395
BTC_JPY,2020-05-20T05:40:58.167,6005938,1048186.0,1048677.0,0.01,0.04,2176.88355617,1694.91977701,1048500.0,131307.55371027,7964.50923395
BTC_JPY,2020-05-20T05:41:03.36,6006057,1048260.0,1048686.0,0.05,0.44799999999999995,2178.06605617,1694.03785701,1048500.0,131308.30518064,7964.50923395
BTC_JPY,2020-05-20T05:41:08.43,6006145,1048272.0,1048500.0,0.01,0.1063,2177.18135604,1694.20675701,1048500.0,131301.40845566,7963.40923395
BTC_JPY,2020-05-20T05:41:13.387,6006265,1048253.0,1048686.0,0.01,0.44799999999999995,2155.38515617,1694.0622947000002,1048500.0,131290.05246282,7963.51553395
BTC_JPY,2020-05-20T05:41:19.157,6006370,1048264.0,1048685.0,0.11,0.05,2177.91760839,1694.2962947,1048253.0,131255.29158615,7955.75801792
BTC_JPY,2020-05-20T05:41:23.26,6006436,1048264.0,1048684.0,0.11,0.2,2177.94580839,1694.20351457,1048253.0,131227.36947281,7955.65599512
BTC_JPY,2020-05-20T05:41:28.81,6006527,1048194.0,1048682.0,0.11,0.2,2177.13195617,1694.34611685,1048253.0,131214.89824975,7955.63696238
BTC_JPY,2020-05-20T05:41:33.537,6006580,1048253.0,1048678.0,0.1,0.2,2176.90019295,1694.49332148,1048253.0,131196.55158849,7953.61496338
BTC_JPY,2020-05-20T05:41:39.2,6006651,1048209.0,1048678.0,0.4377,0.2,2173.81229295,1692.27712148,1048253.0,131172.5097216,7953.71496338
BTC_JPY,2020-05-20T05:41:43.823,6006700,1048184.0,1048678.0,0.11,0.2,2173.59229295,1692.27812148,1048253.0,131157.00086678,7953.42983047
BTC_JPY,2020-05-20T05:41:48.573,6006789,1048212.0,1048787.0,0.1,0.4,2174.26525832,1691.17373135,1048253.0,131144.29302274,7953.42983047
BTC_JPY,2020-05-20T05:41:53.187,6006869,1048293.0,1048787.0,0.4377,0.4,2174.41379295,1692.29373148,1048253.0,131131.4477806,7953.40069773
BTC_JPY,2020-05-20T05:41:58.91,6006955,1048306.0,1048787.0,0.5377,0.4,2178.36965832,1693.55232148,1048253.0,131122.05437288,7953.38473673
BTC_JPY,2020-05-20T05:42:03.24,6007040,1048324.0,1048787.0,0.4358,0.4,2182.92389295,1694.80232148,1048253.0,131105.39664524,7952.88473673
BTC_JPY,2020-05-20T05:42:08.59,6007146,1048253.0,1048777.0,0.1195,0.05,2176.92479295,1695.15276148,1048253.0,131086.3188257,7949.07968532
BTC_JPY,2020-05-20T05:42:13.14,6007228,1048254.0,1048778.0,0.4392,0.30000013,2180.99729295,1695.07746148,1048253.0,131053.72545969,7949.07968532
BTC_JPY,2020-05-20T05:42:17.953,6007316,1048278.0,1048786.0,0.4372,0.3,2183.60839982,1695.10783148,1048778.0,131042.25077399,7949.15968532
BTC_JPY,2020-05-20T05:45:03.853,6009920,1048923.0,1049253.0,0.0631,0.0011,2193.58406632,1691.3053824,1049322.0,130814.41357515,7943.60807914
BTC_JPY,2020-05-20T05:45:08.263,6009950,1048929.0,1049253.0,0.0635,0.0011,2193.43446632,1691.3053824,1049322.0,130807.19935588,7943.60807914
BTC_JPY,2020-05-20T05:45:14,6010006,1048967.0,1049250.0,0.05,0.8,2190.98616632,1690.82358241,1049322.0,130798.07688496,7943.10278164
BTC_JPY,2020-05-20T05:45:18.2,6010034,1048965.0,1049250.0,0.01,0.8,2193.76616632,1691.37558241,1049322.0,130763.13502325,7940.56188158
BTC_JPY,2020-05-20T05:45:23.817,6010078,1048965.0,1049248.0,0.01,0.03,2190.83009062,1691.85997242,1049249.0,130747.67568003,7940.69608158
BTC_JPY,2020-05-20T05:45:28.693,6010237,1048501.0,1048910.0,0.056001,0.6152,2185.94229332,1694.04131497,1048501.0,130745.68577685,7942.02508058
BTC_JPY,2020-05-20T05:45:33.79,6010348,1048501.0,1048846.0,0.056001,0.1,2191.18176765,1691.33748393,1048501.0,130732.66390042,7941.02408058
BTC_JPY,2020-05-20T05:45:38.247,6010411,1048500.0,1048967.0,1.556001,0.1,2190.3817678,1691.90208038,1048500.0,130732.0222583,7941.82408058
BTC_JPY,2020-05-20T05:45:43.467,6010448,1048501.0,1048967.0,0.469,0.1,2184.8507678,1692.72568038,1048501.0,130696.94913966,7940.05088058
BTC_JPY,2020-05-20T05:45:49.073,6010488,1048501.0,1048977.0,0.4674,0.1,2189.31916778,1691.34678038,1048501.0,130687.17443328,7939.65088058
BTC_JPY,2020-05-20T05:45:53.69,6010580,1048538.0,1049249.0,0.1,0.09,2189.04466763,1690.96189475,1048501.0,130686.47366182,7939.65088058
BTC_JPY,2020-05-20T05:45:59.087,6010702,1048618.0,1049253.0,0.1,0.0011,2190.10390644,1690.67237408,1048501.0,130687.9484976,7939.65088058
BTC_JPY,2020-05-20T05:46:04.01,6010781,1048650.0,1049253.0,0.6674,0.0011,2190.38130644,1690.68346382,1048501.0,130680.01026953,7939.65088058
BTC_JPY,2020-05-20T05:46:08.357,6010856,1048691.0,1049253.0,0.4674,0.0011,2190.76130644,1691.22656382,1048501.0,130680.78928043,7939.65088058
BTC_JPY,2020-05-20T05:46:13.923,6010996,1048584.0,1049214.0,0.05,0.1,2187.68790347,1692.36638381,1048501.0,130681.29874256,7939.23175612
BTC_JPY,2020-05-20T05:46:18.9,6011114,1048622.0,1049253.0,0.1,0.0011,2191.22890346,1688.75510375,1048501.0,130668.41930974,7938.55108058
BTC_JPY,2020-05-20T05:46:23.737,6011223,1048810.0,1049253.0,0.05,0.0011,2190.34052247,1690.88208382,1048809.0,130664.79040974,7938.65108058
BTC_JPY,2020-05-20T05:46:28.773,6011335,1048543.0,1049253.0,0.2753,0.0011,2191.28277049,1689.53548382,1048809.0,130662.99259605,7938.65108058
BTC_JPY,2020-05-20T05:46:34.093,6011457,1048552.0,1049253.0,0.2,0.0011,2191.52942465,1689.77130798,1048809.0,130658.58657754,7937.63065293
BTC_JPY,2020-05-20T05:46:39.097,6011568,1048561.0,1049253.0,0.2335,0.0011,2189.17292466,1689.86573798,1048809.0,130653.32245511,7936.84065293
BTC_JPY,2020-05-20T05:46:43.497,6011659,1048567.0,1049253.0,0.2,0.0011,2189.83282466,1690.43792798,1048809.0,130650.47254603,7936.79065293
BTC_JPY,2020-05-20T05:46:48.393,6011766,1048576.0,1049299.0,0.4644,0.09,2190.44282466,1690.74534798,1048809.0,130648.90754603,7936.79065293
BTC_JPY,2020-05-20T05:46:53.56,6011895,1048586.0,1049298.0,0.5113,0.437,2194.50672467,1691.19528375,1048809.0,130647.26711851,7936.78465293
BTC_JPY,2020-05-20T05:46:58.933,6012008,1048749.0,1049299.0,0.4613,0.09,2194.35672467,1690.66723798,1048809.0,130649.70429962,7936.78465293
BTC_JPY,2020-05-20T05:47:03.797,6012049,1048749.0,1049299.0,0.05,0.09,2193.57277044,1690.76427798,1048809.0,130641.07376843,7936.33492847
BTC_JPY,2020-05-20T05:47:08.317,6012106,1048753.0,1049297.0,0.05,0.09,2193.29502467,1691.23063798,1048809.0,130637.29713059,7935.36355193
BTC_JPY,2020-05-20T05:47:10.48,6012145,1048900.0,1049297.0,0.05,0.09,2192.48502467,1690.48456798,1048900.0,130642.24909303,7935.36447379
BTC_JPY,2020-05-20T05:47:18.84,6012185,1048900.0,1049299.0,0.05,0.09,2193.02082467,1690.78909798,1048900.0,130614.21825906,7932.74697582
